{
  "Total" : {
    "transaction" : "Total",
    "sampleCount" : 20,
    "errorCount" : 1,
    "errorPct" : 5.0,
    "meanResTime" : 516.25,
    "medianResTime" : 356.5,
    "minResTime" : 244.0,
    "maxResTime" : 3597.0,
    "pct1ResTime" : 774.4000000000007,
    "pct2ResTime" : 3457.449999999998,
    "pct3ResTime" : 3597.0,
    "throughput" : 2.104820037886761,
    "receivedKBytesPerSec" : 1.3163347190065249,
    "sentKBytesPerSec" : 0.3371000841928015
  },
  "Consulta de CEP inexistente " : {
    "transaction" : "Consulta de CEP inexistente ",
    "sampleCount" : 10,
    "errorCount" : 0,
    "errorPct" : 0.0,
    "meanResTime" : 286.1,
    "medianResTime" : 261.5,
    "minResTime" : 244.0,
    "maxResTime" : 490.0,
    "pct1ResTime" : 471.9000000000001,
    "pct2ResTime" : 490.0,
    "pct3ResTime" : 490.0,
    "throughput" : 1.1570056693277797,
    "receivedKBytesPerSec" : 0.5276578589610089,
    "sentKBytesPerSec" : 0.1853016892282772
  },
  "Consulta de CEPs válidos" : {
    "transaction" : "Consulta de CEPs válidos",
    "sampleCount" : 10,
    "errorCount" : 1,
    "errorPct" : 10.0,
    "meanResTime" : 746.3999999999999,
    "medianResTime" : 392.0,
    "minResTime" : 356.0,
    "maxResTime" : 3597.0,
    "pct1ResTime" : 3317.900000000001,
    "pct2ResTime" : 3597.0,
    "pct3ResTime" : 3597.0,
    "throughput" : 1.0811979673478214,
    "receivedKBytesPerSec" : 0.8592567439723213,
    "sentKBytesPerSec" : 0.17316061195804952
  }
}